epoch,time,train/box_loss,train/cls_loss,train/dfl_loss,metrics/precision(B),metrics/recall(B),metrics/mAP50(B),metrics/mAP50-95(B),val/box_loss,val/cls_loss,val/dfl_loss,lr/pg0,lr/pg1,lr/pg2,lr/pg3,lr/pg4,lr/pg5,lr/pg6,lr/pg7
1,490.921,1.35967,0.99445,1.1812,0.86236,0.69486,0.78447,0.49787,1.25454,0.84421,1.09942,0.00597826,0.00199275,0.00597826,0.00199275,0.00597826,0.00199275,0.00597826,0.00199275
2,976.701,1.21842,0.64495,1.10513,0.86254,0.68141,0.78004,0.49131,1.25184,0.89801,1.13604,0.0119775,0.00399251,0.0119775,0.00399251,0.0119775,0.00399251,0.0119775,0.00399251
3,1464.97,1.2507,0.6764,1.12474,0.82801,0.63923,0.73198,0.43919,1.33702,0.97974,1.20172,0.0179739,0.00599129,0.0179739,0.00599129,0.0179739,0.00599129,0.0179739,0.00599129
4,1952.28,1.31445,0.72966,1.15928,0.81194,0.61326,0.70195,0.39432,1.46211,1.15305,1.30395,0.0239651,0.00798836,0.0239651,0.00798836,0.0239651,0.00798836,0.0239651,0.00798836
5,2436.61,1.36041,0.7777,1.19579,0.65053,0.48048,0.50295,0.27189,1.63301,1.54351,1.46291,0.029949,0.00998299,0.029949,0.00998299,0.029949,0.00998299,0.029949,0.00998299
6,2926.87,1.35803,0.77305,1.20832,0.8077,0.6143,0.69897,0.41275,1.41218,1.0709,1.35357,0.0299542,0.00998474,0.0299542,0.00998474,0.0299542,0.00998474,0.0299542,0.00998474
7,3411.79,1.30473,0.72177,1.18062,0.83199,0.62091,0.71298,0.42717,1.40283,0.99429,1.35342,0.0299341,0.00997803,0.0299341,0.00997803,0.0299341,0.00997803,0.0299341,0.00997803
8,3898.58,1.26779,0.68892,1.16106,0.8309,0.65604,0.74394,0.45868,1.33497,0.92387,1.28542,0.0299103,0.00997011,0.0299103,0.00997011,0.0299103,0.00997011,0.0299103,0.00997011
9,4387.4,1.23203,0.65722,1.14551,0.85166,0.68587,0.77387,0.4866,1.28874,0.86544,1.27422,0.0298829,0.00996097,0.0298829,0.00996097,0.0298829,0.00996097,0.0298829,0.00996097
10,4872.48,1.2115,0.64351,1.13547,0.86519,0.70401,0.7871,0.5001,1.2704,0.86089,1.25307,0.0298519,0.00995062,0.0298519,0.00995062,0.0298519,0.00995062,0.0298519,0.00995062
11,5367.03,1.19015,0.62516,1.12839,0.85603,0.69302,0.78315,0.49273,1.27196,0.81107,1.23824,0.0298172,0.00993906,0.0298172,0.00993906,0.0298172,0.00993906,0.0298172,0.00993906
12,5862.15,1.17531,0.61216,1.11881,0.86808,0.71408,0.80151,0.51449,1.25433,0.80641,1.22097,0.0297789,0.00992629,0.0297789,0.00992629,0.0297789,0.00992629,0.0297789,0.00992629
13,6354.03,1.15735,0.60173,1.1109,0.8616,0.72224,0.80457,0.51919,1.23722,0.77241,1.22147,0.029737,0.00991232,0.029737,0.00991232,0.029737,0.00991232,0.029737,0.00991232
14,6842.7,1.15081,0.5959,1.10427,0.87875,0.71158,0.80344,0.51771,1.25341,0.82206,1.22203,0.0296915,0.00989715,0.0296915,0.00989715,0.0296915,0.00989715,0.0296915,0.00989715
15,7329.58,1.13761,0.58831,1.10095,0.87443,0.72039,0.8084,0.51734,1.27723,0.76081,1.23243,0.0296424,0.00988079,0.0296424,0.00988079,0.0296424,0.00988079,0.0296424,0.00988079
16,7818.65,1.13164,0.58171,1.09476,0.87169,0.72653,0.80999,0.52931,1.21845,0.81136,1.21477,0.0295897,0.00986323,0.0295897,0.00986323,0.0295897,0.00986323,0.0295897,0.00986323
17,8314.47,1.11972,0.5711,1.09014,0.87733,0.72776,0.81154,0.53152,1.22184,0.78445,1.19504,0.0295335,0.00984449,0.0295335,0.00984449,0.0295335,0.00984449,0.0295335,0.00984449
18,8801.51,1.11346,0.5676,1.08303,0.88586,0.72914,0.81427,0.53623,1.20576,0.78353,1.18532,0.0294737,0.00982456,0.0294737,0.00982456,0.0294737,0.00982456,0.0294737,0.00982456
19,9286.26,1.10669,0.56259,1.07748,0.88022,0.73034,0.82075,0.54236,1.19886,0.72884,1.19292,0.0294104,0.00980345,0.0294104,0.00980345,0.0294104,0.00980345,0.0294104,0.00980345
20,9776.01,1.0993,0.55967,1.08152,0.88823,0.7386,0.82525,0.54793,1.18167,0.74215,1.20016,0.0293435,0.00978118,0.0293435,0.00978118,0.0293435,0.00978118,0.0293435,0.00978118
21,10273.2,1.09279,0.55161,1.0801,0.88262,0.74224,0.82514,0.54748,1.18047,0.74854,1.19462,0.0292732,0.00975773,0.0292732,0.00975773,0.0292732,0.00975773,0.0292732,0.00975773
22,10761,1.08204,0.54448,1.06564,0.88793,0.74208,0.82361,0.55241,1.16543,0.75719,1.16753,0.0291994,0.00973312,0.0291994,0.00973312,0.0291994,0.00973312,0.0291994,0.00973312
23,11250.2,1.08103,0.54299,1.06757,0.89233,0.74109,0.82323,0.55141,1.16724,0.77565,1.17485,0.0291221,0.00970736,0.0291221,0.00970736,0.0291221,0.00970736,0.0291221,0.00970736
24,11737.4,1.07352,0.54135,1.06148,0.88913,0.74588,0.82733,0.55536,1.16437,0.74652,1.17646,0.0290413,0.00968045,0.0290413,0.00968045,0.0290413,0.00968045,0.0290413,0.00968045
25,12226.3,1.07109,0.53739,1.06851,0.88999,0.74706,0.82846,0.55981,1.16451,0.74721,1.18837,0.0289572,0.00965239,0.0289572,0.00965239,0.0289572,0.00965239,0.0289572,0.00965239
26,12711.8,1.06496,0.53348,1.05923,0.88971,0.74993,0.8325,0.56167,1.16344,0.72026,1.17653,0.0288696,0.0096232,0.0288696,0.0096232,0.0288696,0.0096232,0.0288696,0.0096232
27,13197.9,1.05817,0.52836,1.05868,0.8908,0.75247,0.83097,0.56273,1.16415,0.71954,1.19201,0.0287787,0.00959289,0.0287787,0.00959289,0.0287787,0.00959289,0.0287787,0.00959289
28,13688,1.05845,0.53092,1.0629,0.89142,0.75053,0.83401,0.56695,1.14774,0.7178,1.18243,0.0286843,0.00956145,0.0286843,0.00956145,0.0286843,0.00956145,0.0286843,0.00956145
29,14174,1.05244,0.522,1.05582,0.8898,0.75649,0.83387,0.56689,1.14264,0.74464,1.16006,0.0285867,0.00952889,0.0285867,0.00952889,0.0285867,0.00952889,0.0285867,0.00952889
30,14664.3,1.05014,0.52056,1.05535,0.89348,0.75181,0.83556,0.56987,1.13852,0.7276,1.16292,0.0284857,0.00949524,0.0284857,0.00949524,0.0284857,0.00949524,0.0284857,0.00949524
31,15164.1,1.04725,0.51978,1.05195,0.90091,0.75188,0.8369,0.57441,1.12796,0.73517,1.15887,0.0283814,0.00946048,0.0283814,0.00946048,0.0283814,0.00946048,0.0283814,0.00946048
32,15658.6,1.03894,0.51552,1.04082,0.89289,0.76264,0.84177,0.57532,1.13551,0.72127,1.12997,0.0282739,0.00942464,0.0282739,0.00942464,0.0282739,0.00942464,0.0282739,0.00942464
33,16229.1,1.0397,0.51439,1.05019,0.89273,0.76199,0.84035,0.57804,1.12378,0.70757,1.17435,0.0281632,0.00938772,0.0281632,0.00938772,0.0281632,0.00938772,0.0281632,0.00938772
34,16730.8,1.03558,0.51289,1.04786,0.89115,0.76427,0.83924,0.576,1.12987,0.72738,1.15397,0.0280492,0.00934973,0.0280492,0.00934973,0.0280492,0.00934973,0.0280492,0.00934973
35,17218.5,1.02704,0.50905,1.04439,0.89119,0.76603,0.8406,0.57706,1.12481,0.71843,1.16982,0.027932,0.00931067,0.027932,0.00931067,0.027932,0.00931067,0.027932,0.00931067
36,17726.6,1.02672,0.50456,1.04021,0.89129,0.76693,0.84232,0.57985,1.12585,0.70517,1.14978,0.0278117,0.00927057,0.0278117,0.00927057,0.0278117,0.00927057,0.0278117,0.00927057
37,18227.2,1.02289,0.50312,1.04002,0.89652,0.76356,0.84212,0.58194,1.12136,0.72459,1.16532,0.0276883,0.00922942,0.0276883,0.00922942,0.0276883,0.00922942,0.0276883,0.00922942
38,18785.7,1.02218,0.50274,1.04196,0.90213,0.75996,0.84487,0.58422,1.12468,0.71807,1.16065,0.0275617,0.00918725,0.0275617,0.00918725,0.0275617,0.00918725,0.0275617,0.00918725
39,19343,1.01912,0.49956,1.03711,0.89732,0.76599,0.84581,0.58421,1.1208,0.71013,1.15365,0.0274321,0.00914405,0.0274321,0.00914405,0.0274321,0.00914405,0.0274321,0.00914405
40,19907.2,1.01476,0.49834,1.035,0.90392,0.76477,0.84713,0.58759,1.11262,0.69944,1.14468,0.0272995,0.00909984,0.0272995,0.00909984,0.0272995,0.00909984,0.0272995,0.00909984
41,20406.6,1.01169,0.49504,1.03538,0.8987,0.76972,0.84833,0.58836,1.11304,0.68585,1.15075,0.0271639,0.00905463,0.0271639,0.00905463,0.0271639,0.00905463,0.0271639,0.00905463
42,20949.7,1.01,0.49357,1.03312,0.89858,0.76987,0.84774,0.58875,1.11081,0.67533,1.14777,0.0270253,0.00900844,0.0270253,0.00900844,0.0270253,0.00900844,0.0270253,0.00900844
43,21444.6,1.00623,0.49311,1.03089,0.90488,0.76528,0.8498,0.59008,1.11159,0.6829,1.14848,0.0268838,0.00896127,0.0268838,0.00896127,0.0268838,0.00896127,0.0268838,0.00896127
44,21944.8,1.00822,0.49129,1.03767,0.89593,0.77217,0.8495,0.5909,1.10816,0.682,1.15576,0.0267394,0.00891313,0.0267394,0.00891313,0.0267394,0.00891313,0.0267394,0.00891313
45,22440.2,1.00017,0.48711,1.02732,0.90332,0.76804,0.8497,0.59156,1.10753,0.67883,1.15354,0.0265921,0.00886404,0.0265921,0.00886404,0.0265921,0.00886404,0.0265921,0.00886404
46,22935.2,0.9971,0.48722,1.0272,0.90104,0.76806,0.84926,0.59183,1.10702,0.68757,1.15389,0.026442,0.00881401,0.026442,0.00881401,0.026442,0.00881401,0.026442,0.00881401
47,23431.2,0.99779,0.48613,1.02881,0.89831,0.77059,0.84938,0.59241,1.10585,0.68518,1.15449,0.0262891,0.00876305,0.0262891,0.00876305,0.0262891,0.00876305,0.0262891,0.00876305
48,23930.6,0.99344,0.48232,1.02121,0.9015,0.77175,0.85054,0.59396,1.10602,0.68305,1.14841,0.0261335,0.00871117,0.0261335,0.00871117,0.0261335,0.00871117,0.0261335,0.00871117
49,24427.5,0.99011,0.48176,1.02352,0.89965,0.7719,0.85045,0.59458,1.10296,0.68198,1.14766,0.0259752,0.00865839,0.0259752,0.00865839,0.0259752,0.00865839,0.0259752,0.00865839
50,24951.2,0.98597,0.47867,1.02163,0.89989,0.77346,0.8509,0.59513,1.10315,0.68289,1.1452,0.0258142,0.00860473,0.0258142,0.00860473,0.0258142,0.00860473,0.0258142,0.00860473
51,25499,0.98706,0.4781,1.01729,0.90059,0.77351,0.85194,0.59557,1.10264,0.67589,1.13776,0.0256505,0.00855018,0.0256505,0.00855018,0.0256505,0.00855018,0.0256505,0.00855018
52,26001.6,0.98574,0.47837,1.01865,0.89798,0.77524,0.85177,0.59563,1.10278,0.67314,1.13937,0.0254843,0.00849477,0.0254843,0.00849477,0.0254843,0.00849477,0.0254843,0.00849477
53,26504,0.97541,0.47393,1.01649,0.902,0.77307,0.85218,0.5963,1.10307,0.67366,1.14094,0.0253155,0.00843851,0.0253155,0.00843851,0.0253155,0.00843851,0.0253155,0.00843851
54,27001.6,0.97976,0.47484,1.01981,0.89753,0.77567,0.85226,0.59673,1.10194,0.67448,1.14267,0.0251442,0.00838141,0.0251442,0.00838141,0.0251442,0.00838141,0.0251442,0.00838141
55,27500.1,0.97409,0.46964,1.01136,0.8967,0.77612,0.85229,0.59692,1.10277,0.67092,1.14159,0.0249705,0.00832349,0.0249705,0.00832349,0.0249705,0.00832349,0.0249705,0.00832349
56,27994.4,0.97248,0.47053,1.00962,0.89513,0.77885,0.85274,0.59778,1.1034,0.66974,1.13874,0.0247943,0.00826477,0.0247943,0.00826477,0.0247943,0.00826477,0.0247943,0.00826477
57,28517.7,0.97025,0.46965,1.00851,0.89749,0.77915,0.85345,0.59824,1.10327,0.66645,1.13683,0.0246157,0.00820525,0.0246157,0.00820525,0.0246157,0.00820525,0.0246157,0.00820525
58,29194.4,0.97204,0.46913,1.00755,0.90068,0.77805,0.85389,0.59902,1.1024,0.66646,1.13552,0.0244349,0.00814495,0.0244349,0.00814495,0.0244349,0.00814495,0.0244349,0.00814495
59,29967,0.9679,0.46793,1.0147,0.90071,0.77772,0.85424,0.59908,1.10024,0.66303,1.1356,0.0242517,0.00808389,0.0242517,0.00808389,0.0242517,0.00808389,0.0242517,0.00808389
60,30508.6,0.96458,0.46486,1.01805,0.89875,0.77973,0.85468,0.59969,1.09915,0.66175,1.13749,0.0240662,0.00802208,0.0240662,0.00802208,0.0240662,0.00802208,0.0240662,0.00802208
61,31012,0.9625,0.46465,1.00913,0.89901,0.77951,0.8552,0.60029,1.0981,0.65771,1.13738,0.0238786,0.00795954,0.0238786,0.00795954,0.0238786,0.00795954,0.0238786,0.00795954
62,31510.9,0.96119,0.4643,1.00673,0.8999,0.77919,0.85501,0.6005,1.09761,0.65838,1.13713,0.0236888,0.00789628,0.0236888,0.00789628,0.0236888,0.00789628,0.0236888,0.00789628
63,32004.3,0.95749,0.4615,1.00653,0.90098,0.77816,0.8553,0.60071,1.09767,0.65686,1.13851,0.0234969,0.00783231,0.0234969,0.00783231,0.0234969,0.00783231,0.0234969,0.00783231
64,32499.5,0.95207,0.45849,1.00805,0.90187,0.77755,0.85508,0.60078,1.09722,0.65672,1.13888,0.023303,0.00776766,0.023303,0.00776766,0.023303,0.00776766,0.023303,0.00776766
65,32992.4,0.95493,0.45994,1.00066,0.90391,0.77601,0.85561,0.6012,1.09692,0.65267,1.13786,0.023107,0.00770234,0.023107,0.00770234,0.023107,0.00770234,0.023107,0.00770234
66,33490.4,0.94824,0.45648,1.00074,0.90288,0.7773,0.85588,0.6013,1.09596,0.65278,1.13795,0.0229091,0.00763637,0.0229091,0.00763637,0.0229091,0.00763637,0.0229091,0.00763637
67,33991.1,0.94595,0.45476,0.99929,0.90188,0.7784,0.85593,0.60166,1.0956,0.65217,1.13747,0.0227093,0.00756976,0.0227093,0.00756976,0.0227093,0.00756976,0.0227093,0.00756976
68,34492.8,0.9474,0.45293,1.00222,0.90124,0.77764,0.85591,0.60195,1.09555,0.65066,1.13715,0.0225076,0.00750252,0.0225076,0.00750252,0.0225076,0.00750252,0.0225076,0.00750252
69,34994.9,0.94149,0.45233,0.99375,0.90089,0.7787,0.85609,0.60227,1.09561,0.65009,1.13639,0.022304,0.00743468,0.022304,0.00743468,0.022304,0.00743468,0.022304,0.00743468
70,35492.5,0.9385,0.45072,0.99656,0.89965,0.77884,0.85602,0.60269,1.09519,0.64819,1.13626,0.0220988,0.00736625,0.0220988,0.00736625,0.0220988,0.00736625,0.0220988,0.00736625
71,35998.6,0.93439,0.44752,0.99973,0.89704,0.78126,0.8564,0.60295,1.09508,0.64755,1.13701,0.0218918,0.00729725,0.0218918,0.00729725,0.0218918,0.00729725,0.0218918,0.00729725
72,36497.6,0.9345,0.44823,0.99675,0.89748,0.78144,0.85687,0.60325,1.09538,0.64636,1.13773,0.0216831,0.0072277,0.0216831,0.0072277,0.0216831,0.0072277,0.0216831,0.0072277
73,36991.3,0.93467,0.44659,0.9993,0.89655,0.78189,0.85693,0.60353,1.09554,0.6452,1.13819,0.0214728,0.00715761,0.0214728,0.00715761,0.0214728,0.00715761,0.0214728,0.00715761
74,37485.1,0.92956,0.44448,0.99378,0.89562,0.78316,0.8571,0.60348,1.09575,0.64454,1.13844,0.021261,0.007087,0.021261,0.007087,0.021261,0.007087,0.021261,0.007087
75,37979,0.92837,0.44359,0.98925,0.89471,0.78438,0.85749,0.60388,1.09571,0.64425,1.13815,0.0210476,0.00701588,0.0210476,0.00701588,0.0210476,0.00701588,0.0210476,0.00701588
76,38476.4,0.92319,0.4423,0.98915,0.89418,0.78432,0.85762,0.6042,1.09545,0.64473,1.13758,0.0208328,0.00694428,0.0208328,0.00694428,0.0208328,0.00694428,0.0208328,0.00694428
77,38984.7,0.92299,0.4413,0.98593,0.89509,0.78339,0.85771,0.60412,1.09493,0.64443,1.13722,0.0206166,0.00687222,0.0206166,0.00687222,0.0206166,0.00687222,0.0206166,0.00687222
78,39504.6,0.92166,0.43931,0.98575,0.89625,0.78343,0.8578,0.60445,1.09492,0.64333,1.13656,0.0203991,0.0067997,0.0203991,0.0067997,0.0203991,0.0067997,0.0203991,0.0067997
79,40005.3,0.91512,0.43565,0.98343,0.89556,0.78394,0.85784,0.60463,1.09526,0.64358,1.13667,0.0201803,0.00672675,0.0201803,0.00672675,0.0201803,0.00672675,0.0201803,0.00672675
80,40506,0.91642,0.43796,0.98942,0.89458,0.78439,0.85766,0.60478,1.09465,0.64143,1.13743,0.0199602,0.00665339,0.0199602,0.00665339,0.0199602,0.00665339,0.0199602,0.00665339
81,41014.5,0.91287,0.43553,0.98566,0.89572,0.78402,0.85781,0.60504,1.09437,0.64093,1.13712,0.0197389,0.00657963,0.0197389,0.00657963,0.0197389,0.00657963,0.0197389,0.00657963
82,41517.3,0.91167,0.43296,0.9809,0.89497,0.78504,0.85821,0.60528,1.09403,0.64161,1.13668,0.0195165,0.0065055,0.0195165,0.0065055,0.0195165,0.0065055,0.0195165,0.0065055
83,42016.3,0.90819,0.43255,0.9786,0.89484,0.78479,0.8584,0.60536,1.09454,0.64025,1.13663,0.019293,0.00643101,0.019293,0.00643101,0.019293,0.00643101,0.019293,0.00643101
84,42518.1,0.90263,0.43038,0.98309,0.89436,0.78536,0.85842,0.60579,1.09473,0.63881,1.1373,0.0190685,0.00635617,0.0190685,0.00635617,0.0190685,0.00635617,0.0190685,0.00635617
85,43013.5,0.90294,0.43112,0.98298,0.89471,0.78549,0.85878,0.60597,1.09504,0.63808,1.13817,0.018843,0.00628101,0.018843,0.00628101,0.018843,0.00628101,0.018843,0.00628101
86,43671.9,0.903,0.42927,0.98212,0.89427,0.78688,0.85909,0.60619,1.09544,0.63808,1.13892,0.0186167,0.00620555,0.0186167,0.00620555,0.0186167,0.00620555,0.0186167,0.00620555
87,44167.3,0.89875,0.42672,0.97764,0.8954,0.78579,0.85922,0.60625,1.0956,0.63784,1.13893,0.0183894,0.00612981,0.0183894,0.00612981,0.0183894,0.00612981,0.0183894,0.00612981
88,44666.5,0.89655,0.42567,0.97549,0.89497,0.78667,0.85931,0.60648,1.09576,0.63673,1.13886,0.0181614,0.0060538,0.0181614,0.0060538,0.0181614,0.0060538,0.0181614,0.0060538
89,45173.6,0.89482,0.42547,0.97309,0.89526,0.78638,0.85941,0.60659,1.09577,0.63598,1.13886,0.0179326,0.00597754,0.0179326,0.00597754,0.0179326,0.00597754,0.0179326,0.00597754
90,45680.4,0.8884,0.42234,0.97569,0.89517,0.78755,0.85967,0.60679,1.09627,0.63579,1.13966,0.0177031,0.00590105,0.0177031,0.00590105,0.0177031,0.00590105,0.0177031,0.00590105
91,46192.5,0.88595,0.41973,0.97724,0.89711,0.78628,0.85985,0.60707,1.09695,0.6368,1.14069,0.0174731,0.00582435,0.0174731,0.00582435,0.0174731,0.00582435,0.0174731,0.00582435
92,46694.5,0.88456,0.41988,0.9732,0.89731,0.78592,0.85982,0.6071,1.09674,0.6361,1.14134,0.0172424,0.00574746,0.0172424,0.00574746,0.0172424,0.00574746,0.0172424,0.00574746
93,47194.1,0.87994,0.41619,0.968,0.89697,0.78643,0.8601,0.60714,1.09701,0.63555,1.14163,0.0170112,0.0056704,0.0170112,0.0056704,0.0170112,0.0056704,0.0170112,0.0056704
94,47695.4,0.88312,0.41785,0.96737,0.89677,0.78728,0.86014,0.60731,1.09793,0.63529,1.14245,0.0167796,0.00559318,0.0167796,0.00559318,0.0167796,0.00559318,0.0167796,0.00559318
95,48199.5,0.87539,0.41475,0.97331,0.89587,0.78778,0.8602,0.6078,1.09802,0.635,1.14376,0.0165475,0.00551584,0.0165475,0.00551584,0.0165475,0.00551584,0.0165475,0.00551584
96,48696.9,0.87044,0.41393,0.96822,0.89711,0.78581,0.86017,0.60797,1.09778,0.63493,1.14414,0.0163151,0.00543837,0.0163151,0.00543837,0.0163151,0.00543837,0.0163151,0.00543837
97,49200.4,0.87164,0.41139,0.96447,0.89391,0.78883,0.86035,0.60815,1.09786,0.63477,1.14431,0.0160824,0.00536081,0.0160824,0.00536081,0.0160824,0.00536081,0.0160824,0.00536081
98,49704.9,0.87119,0.41242,0.96043,0.89423,0.78893,0.86057,0.60815,1.09791,0.63509,1.14458,0.0158495,0.00528318,0.0158495,0.00528318,0.0158495,0.00528318,0.0158495,0.00528318
99,50205.5,0.86402,0.40802,0.95526,0.89406,0.78918,0.86071,0.6083,1.09789,0.63394,1.14396,0.0156164,0.00520548,0.0156164,0.00520548,0.0156164,0.00520548,0.0156164,0.00520548
100,50703.7,0.86186,0.40586,0.95979,0.89695,0.78726,0.86068,0.60852,1.09798,0.6326,1.14441,0.0153833,0.00512775,0.0153833,0.00512775,0.0153833,0.00512775,0.0153833,0.00512775
101,51196.7,0.8598,0.40781,0.96044,0.89365,0.78985,0.86085,0.60871,1.0981,0.6305,1.14471,0.01515,0.00505,0.01515,0.00505,0.01515,0.00505,0.01515,0.00505
102,51706.2,0.85633,0.40567,0.9593,0.8933,0.78973,0.86108,0.60891,1.09817,0.62976,1.14492,0.0149167,0.00497225,0.0149167,0.00497225,0.0149167,0.00497225,0.0149167,0.00497225
103,52210.8,0.85484,0.4042,0.95662,0.89398,0.78968,0.86143,0.60941,1.09778,0.62856,1.14483,0.0146836,0.00489452,0.0146836,0.00489452,0.0146836,0.00489452,0.0146836,0.00489452
104,52708.7,0.8537,0.4041,0.95917,0.89332,0.78963,0.86109,0.60947,1.09739,0.62688,1.14493,0.0144505,0.00481682,0.0144505,0.00481682,0.0144505,0.00481682,0.0144505,0.00481682
105,53210.5,0.8478,0.39928,0.95646,0.89474,0.78873,0.86111,0.60967,1.09743,0.62518,1.14528,0.0142176,0.00473919,0.0142176,0.00473919,0.0142176,0.00473919,0.0142176,0.00473919
106,53713,0.84437,0.39752,0.95097,0.89497,0.78778,0.86114,0.6097,1.09677,0.62488,1.14468,0.0139849,0.00466163,0.0139849,0.00466163,0.0139849,0.00466163,0.0139849,0.00466163
107,54217.8,0.84147,0.39678,0.95306,0.89503,0.78756,0.86092,0.60968,1.09618,0.62403,1.14438,0.0137525,0.00458416,0.0137525,0.00458416,0.0137525,0.00458416,0.0137525,0.00458416
108,54715.8,0.84289,0.39586,0.95423,0.89478,0.78743,0.86081,0.6099,1.09627,0.62378,1.1448,0.0135204,0.00450682,0.0135204,0.00450682,0.0135204,0.00450682,0.0135204,0.00450682
109,55221.4,0.83614,0.39376,0.95376,0.89402,0.78813,0.861,0.61,1.0959,0.62274,1.14457,0.0132888,0.0044296,0.0132888,0.0044296,0.0132888,0.0044296,0.0132888,0.0044296
110,55724.7,0.83461,0.39279,0.95126,0.89452,0.78825,0.8613,0.61031,1.09603,0.6227,1.14494,0.0130576,0.00435254,0.0130576,0.00435254,0.0130576,0.00435254,0.0130576,0.00435254
111,56232.9,0.83153,0.39206,0.95179,0.89647,0.78722,0.8611,0.61045,1.09561,0.62209,1.14536,0.0128269,0.00427565,0.0128269,0.00427565,0.0128269,0.00427565,0.0128269,0.00427565
112,56749.3,0.82577,0.38793,0.94788,0.89699,0.78736,0.86137,0.61066,1.09576,0.62139,1.14556,0.0125969,0.00419895,0.0125969,0.00419895,0.0125969,0.00419895,0.0125969,0.00419895
113,57253.3,0.82259,0.38593,0.94271,0.89713,0.7873,0.86137,0.61086,1.09555,0.62053,1.14526,0.0123674,0.00412246,0.0123674,0.00412246,0.0123674,0.00412246,0.0123674,0.00412246
114,57754.3,0.82113,0.38659,0.94901,0.89745,0.78775,0.86148,0.61099,1.09502,0.61929,1.14539,0.0121386,0.0040462,0.0121386,0.0040462,0.0121386,0.0040462,0.0121386,0.0040462
115,58260.6,0.81879,0.38486,0.94326,0.89709,0.78864,0.86186,0.61132,1.09545,0.61868,1.14551,0.0119106,0.00397019,0.0119106,0.00397019,0.0119106,0.00397019,0.0119106,0.00397019
116,58770.1,0.81571,0.38277,0.94254,0.89635,0.78946,0.86194,0.6115,1.09479,0.61851,1.14587,0.0116833,0.00389445,0.0116833,0.00389445,0.0116833,0.00389445,0.0116833,0.00389445
117,59277.9,0.81391,0.38192,0.94319,0.89655,0.78919,0.86201,0.61166,1.09449,0.61831,1.14656,0.011457,0.00381899,0.011457,0.00381899,0.011457,0.00381899,0.011457,0.00381899
118,59785.1,0.80672,0.37914,0.93901,0.8963,0.78944,0.86199,0.61162,1.09463,0.61861,1.14695,0.0112315,0.00374383,0.0112315,0.00374383,0.0112315,0.00374383,0.0112315,0.00374383
119,60288.3,0.8062,0.3778,0.93729,0.89621,0.78924,0.8621,0.61178,1.09455,0.6192,1.14704,0.011007,0.00366899,0.011007,0.00366899,0.011007,0.00366899,0.011007,0.00366899
120,60893.2,0.80147,0.37691,0.93787,0.89716,0.78886,0.86256,0.61215,1.09473,0.61941,1.1478,0.0107835,0.0035945,0.0107835,0.0035945,0.0107835,0.0035945,0.0107835,0.0035945
121,61437.4,0.80234,0.377,0.93755,0.89659,0.78886,0.86244,0.61219,1.09458,0.61955,1.14865,0.0105611,0.00352037,0.0105611,0.00352037,0.0105611,0.00352037,0.0105611,0.00352037
122,61950,0.79894,0.37737,0.94116,0.89612,0.78911,0.86249,0.61249,1.09444,0.61993,1.14946,0.0103398,0.00344661,0.0103398,0.00344661,0.0103398,0.00344661,0.0103398,0.00344661
123,62449,0.79407,0.37435,0.93467,0.89702,0.78914,0.86279,0.61289,1.09462,0.61963,1.15047,0.0101197,0.00337325,0.0101197,0.00337325,0.0101197,0.00337325,0.0101197,0.00337325
124,62944.6,0.78867,0.37053,0.93096,0.89686,0.78876,0.86287,0.61299,1.09506,0.61891,1.15107,0.0099009,0.0033003,0.0099009,0.0033003,0.0099009,0.0033003,0.0099009,0.0033003
125,63446.8,0.78643,0.36924,0.93073,0.89649,0.78821,0.86274,0.613,1.0955,0.61878,1.15229,0.00968335,0.00322778,0.00968335,0.00322778,0.00968335,0.00322778,0.00968335,0.00322778
126,63952.8,0.78041,0.36566,0.92818,0.89678,0.78851,0.8629,0.61306,1.0953,0.61861,1.1527,0.00946715,0.00315572,0.00946715,0.00315572,0.00946715,0.00315572,0.00946715,0.00315572
127,64458.4,0.78094,0.36678,0.92825,0.89655,0.78897,0.86284,0.61329,1.09553,0.61798,1.1535,0.00925235,0.00308412,0.00925235,0.00308412,0.00925235,0.00308412,0.00925235,0.00308412
128,64955,0.77514,0.36314,0.9258,0.89701,0.78835,0.86293,0.61329,1.0956,0.61816,1.154,0.00903901,0.003013,0.00903901,0.003013,0.00903901,0.003013,0.00903901,0.003013
129,65541.4,0.7764,0.36347,0.92619,0.89679,0.78855,0.86306,0.6133,1.09545,0.61838,1.15413,0.00882718,0.00294239,0.00882718,0.00294239,0.00882718,0.00294239,0.00882718,0.00294239
130,66045.2,0.76788,0.35939,0.9237,0.89785,0.78748,0.8626,0.61346,1.09559,0.61879,1.1547,0.0086169,0.0028723,0.0086169,0.0028723,0.0086169,0.0028723,0.0086169,0.0028723
131,66552.2,0.76602,0.35843,0.92239,0.89761,0.78779,0.86276,0.61389,1.09462,0.61889,1.15426,0.00840824,0.00280275,0.00840824,0.00280275,0.00840824,0.00280275,0.00840824,0.00280275
132,67059.7,0.76215,0.35651,0.92242,0.89601,0.78865,0.86281,0.61388,1.09535,0.6203,1.15575,0.00820124,0.00273375,0.00820124,0.00273375,0.00820124,0.00273375,0.00820124,0.00273375
133,67555.2,0.76134,0.35547,0.92213,0.89576,0.78822,0.86285,0.61406,1.09527,0.62077,1.15612,0.00799596,0.00266532,0.00799596,0.00266532,0.00799596,0.00266532,0.00799596,0.00266532
134,68051.5,0.75498,0.35354,0.91816,0.89359,0.78988,0.86277,0.61423,1.09577,0.61993,1.15713,0.00779244,0.00259748,0.00779244,0.00259748,0.00779244,0.00259748,0.00779244,0.00259748
135,68551.6,0.75452,0.35272,0.91595,0.8949,0.78806,0.86262,0.61422,1.09562,0.62018,1.15727,0.00759073,0.00253024,0.00759073,0.00253024,0.00759073,0.00253024,0.00759073,0.00253024
136,69045.4,0.75356,0.3516,0.9159,0.89371,0.78864,0.86255,0.61429,1.095,0.62035,1.15669,0.0073909,0.00246363,0.0073909,0.00246363,0.0073909,0.00246363,0.0073909,0.00246363
137,69536.5,0.74625,0.34979,0.9136,0.89395,0.78839,0.86289,0.6143,1.09475,0.621,1.15684,0.00719297,0.00239766,0.00719297,0.00239766,0.00719297,0.00239766,0.00719297,0.00239766
138,70043.7,0.74171,0.34681,0.91151,0.89443,0.7881,0.86268,0.61449,1.09526,0.62044,1.15718,0.00699701,0.00233234,0.00699701,0.00233234,0.00699701,0.00233234,0.00699701,0.00233234
139,70541.6,0.74036,0.34628,0.91038,0.89414,0.78871,0.86294,0.61445,1.095,0.61926,1.15731,0.00680306,0.00226769,0.00680306,0.00226769,0.00680306,0.00226769,0.00680306,0.00226769
140,71034.1,0.73567,0.34429,0.91147,0.89456,0.78825,0.86288,0.61476,1.09493,0.62016,1.15784,0.00661117,0.00220372,0.00661117,0.00220372,0.00661117,0.00220372,0.00661117,0.00220372
141,71546.8,0.73515,0.34415,0.90807,0.89404,0.78884,0.86295,0.61489,1.09502,0.6206,1.158,0.00642139,0.00214046,0.00642139,0.00214046,0.00642139,0.00214046,0.00642139,0.00214046
142,72055,0.73113,0.34196,0.90485,0.89476,0.78816,0.86291,0.61488,1.09554,0.62177,1.15805,0.00623376,0.00207792,0.00623376,0.00207792,0.00623376,0.00207792,0.00623376,0.00207792
143,72548.7,0.72823,0.34136,0.90422,0.89569,0.78731,0.86305,0.6149,1.09563,0.62335,1.15831,0.00604833,0.00201611,0.00604833,0.00201611,0.00604833,0.00201611,0.00604833,0.00201611
144,73041.7,0.72223,0.33859,0.90346,0.89555,0.78728,0.86288,0.61505,1.09608,0.62402,1.15849,0.00586515,0.00195505,0.00586515,0.00195505,0.00586515,0.00195505,0.00586515,0.00195505
145,73543.6,0.72324,0.33833,0.90123,0.89479,0.78825,0.86302,0.61524,1.09603,0.62429,1.15853,0.00568425,0.00189475,0.00568425,0.00189475,0.00568425,0.00189475,0.00568425,0.00189475
146,74049.5,0.71973,0.33631,0.89907,0.89466,0.78792,0.86318,0.6156,1.09634,0.6245,1.15886,0.0055057,0.00183523,0.0055057,0.00183523,0.0055057,0.00183523,0.0055057,0.00183523
147,74553.1,0.71235,0.33281,0.89922,0.89486,0.78713,0.8632,0.61568,1.09626,0.62365,1.159,0.00532952,0.00177651,0.00532952,0.00177651,0.00532952,0.00177651,0.00532952,0.00177651
148,75053.7,0.71336,0.33312,0.90005,0.89603,0.78641,0.86328,0.61596,1.09633,0.6252,1.15926,0.00515576,0.00171859,0.00515576,0.00171859,0.00515576,0.00171859,0.00515576,0.00171859
149,75550.4,0.70905,0.33196,0.89979,0.89602,0.78658,0.86329,0.61576,1.09715,0.62653,1.16007,0.00498448,0.00166149,0.00498448,0.00166149,0.00498448,0.00166149,0.00498448,0.00166149
150,76047.4,0.70637,0.32993,0.89578,0.89498,0.78724,0.86332,0.61599,1.09659,0.62721,1.15939,0.00481569,0.00160523,0.00481569,0.00160523,0.00481569,0.00160523,0.00481569,0.00160523
151,76560.2,0.7046,0.32851,0.89499,0.89572,0.78646,0.86301,0.61607,1.09609,0.62756,1.15877,0.00464946,0.00154982,0.00464946,0.00154982,0.00464946,0.00154982,0.00464946,0.00154982
152,77054.7,0.70036,0.32792,0.89501,0.89459,0.78704,0.86303,0.61591,1.09639,0.62861,1.15908,0.00448582,0.00149527,0.00448582,0.00149527,0.00448582,0.00149527,0.00448582,0.00149527
153,77553.8,0.69934,0.32653,0.89463,0.89496,0.78646,0.86305,0.61628,1.09567,0.62869,1.15915,0.00432482,0.00144161,0.00432482,0.00144161,0.00432482,0.00144161,0.00432482,0.00144161
154,78042.8,0.69508,0.32458,0.89274,0.89572,0.78616,0.86308,0.61616,1.09572,0.62934,1.15933,0.00416648,0.00138883,0.00416648,0.00138883,0.00416648,0.00138883,0.00416648,0.00138883
155,78538.8,0.69414,0.3247,0.89258,0.89627,0.78571,0.86323,0.61612,1.09553,0.62936,1.15931,0.00401085,0.00133695,0.00401085,0.00133695,0.00401085,0.00133695,0.00401085,0.00133695
156,79031.5,0.68925,0.3221,0.89038,0.89667,0.7858,0.86347,0.6163,1.09605,0.62972,1.1594,0.00385797,0.00128599,0.00385797,0.00128599,0.00385797,0.00128599,0.00385797,0.00128599
157,79528.1,0.68857,0.32201,0.88946,0.89577,0.7869,0.86345,0.61622,1.09616,0.63014,1.15953,0.00370788,0.00123596,0.00370788,0.00123596,0.00370788,0.00123596,0.00370788,0.00123596
158,80023.2,0.68345,0.3201,0.88671,0.89578,0.78647,0.86343,0.61634,1.09653,0.62966,1.15936,0.00356061,0.00118687,0.00356061,0.00118687,0.00356061,0.00118687,0.00356061,0.00118687
159,80590.5,0.67845,0.31843,0.88548,0.89676,0.78621,0.86335,0.61638,1.09629,0.63013,1.15982,0.0034162,0.00113873,0.0034162,0.00113873,0.0034162,0.00113873,0.0034162,0.00113873
160,81084.5,0.67595,0.31595,0.88449,0.89657,0.78639,0.86362,0.6164,1.0963,0.62963,1.16009,0.00327468,0.00109156,0.00327468,0.00109156,0.00327468,0.00109156,0.00327468,0.00109156
161,81592,0.67504,0.3161,0.8858,0.89583,0.78711,0.8636,0.61638,1.09567,0.62939,1.15996,0.0031361,0.00104537,0.0031361,0.00104537,0.0031361,0.00104537,0.0031361,0.00104537
162,82087.7,0.67153,0.3148,0.88551,0.89584,0.78686,0.86337,0.61627,1.09587,0.62953,1.16019,0.00300048,0.00100016,0.00300048,0.00100016,0.00300048,0.00100016,0.00300048,0.00100016
163,82578.1,0.6697,0.31376,0.88423,0.8957,0.78659,0.86306,0.61639,1.09625,0.62981,1.16103,0.00286785,0.000955951,0.00286785,0.000955951,0.00286785,0.000955951,0.00286785,0.000955951
164,83071.8,0.66545,0.31078,0.88233,0.89498,0.78657,0.86301,0.61646,1.09637,0.63104,1.16139,0.00273826,0.000912754,0.00273826,0.000912754,0.00273826,0.000912754,0.00273826,0.000912754
165,83561,0.66417,0.3102,0.8822,0.89458,0.78638,0.86269,0.61663,1.09695,0.6318,1.16215,0.00261173,0.000870577,0.00261173,0.000870577,0.00261173,0.000870577,0.00261173,0.000870577
166,84045.1,0.66114,0.3091,0.88215,0.89373,0.78656,0.86249,0.61657,1.09678,0.63106,1.16303,0.00248829,0.000829431,0.00248829,0.000829431,0.00248829,0.000829431,0.00248829,0.000829431
167,84525.8,0.66118,0.30954,0.87908,0.89399,0.78709,0.86266,0.61667,1.09683,0.63111,1.16371,0.00236798,0.000789327,0.00236798,0.000789327,0.00236798,0.000789327,0.00236798,0.000789327
168,85008.5,0.6558,0.30682,0.87866,0.8943,0.78656,0.86273,0.61684,1.09707,0.63271,1.16424,0.00225082,0.000750274,0.00225082,0.000750274,0.00225082,0.000750274,0.00225082,0.000750274
169,85491.9,0.65669,0.30635,0.87984,0.89418,0.78633,0.86263,0.61668,1.09707,0.63318,1.16474,0.00213685,0.000712282,0.00213685,0.000712282,0.00213685,0.000712282,0.00213685,0.000712282
170,85976.5,0.65085,0.30363,0.87876,0.89451,0.78568,0.8625,0.61684,1.09679,0.63336,1.16526,0.00202608,0.00067536,0.00202608,0.00067536,0.00202608,0.00067536,0.00202608,0.00067536
171,86468.4,0.65263,0.30598,0.87918,0.89399,0.78627,0.86256,0.6166,1.09654,0.634,1.16543,0.00191855,0.000639518,0.00191855,0.000639518,0.00191855,0.000639518,0.00191855,0.000639518
172,86955.5,0.64716,0.30303,0.87596,0.89508,0.78491,0.86254,0.61673,1.09638,0.63442,1.16594,0.00181429,0.000604763,0.00181429,0.000604763,0.00181429,0.000604763,0.00181429,0.000604763
173,87443.5,0.64679,0.30243,0.87584,0.89633,0.784,0.86248,0.61661,1.0965,0.63408,1.16665,0.00171332,0.000571106,0.00171332,0.000571106,0.00171332,0.000571106,0.00171332,0.000571106
174,87924.5,0.64633,0.30203,0.87506,0.89567,0.78419,0.86238,0.61656,1.09628,0.6338,1.16722,0.00161566,0.000538554,0.00161566,0.000538554,0.00161566,0.000538554,0.00161566,0.000538554
175,88405.3,0.6415,0.30069,0.87468,0.89625,0.78387,0.86249,0.61644,1.09598,0.63284,1.16763,0.00152134,0.000507115,0.00152134,0.000507115,0.00152134,0.000507115,0.00152134,0.000507115
176,88888.8,0.6398,0.29964,0.87305,0.89623,0.78373,0.86253,0.61645,1.09612,0.63318,1.16821,0.00143039,0.000476796,0.00143039,0.000476796,0.00143039,0.000476796,0.00143039,0.000476796
177,89368.9,0.63799,0.2991,0.87291,0.89569,0.78323,0.86244,0.61624,1.09568,0.63312,1.16842,0.00134282,0.000447606,0.00134282,0.000447606,0.00134282,0.000447606,0.00134282,0.000447606
178,89854.3,0.63897,0.29913,0.87297,0.8953,0.78365,0.86241,0.61637,1.09579,0.63365,1.16916,0.00125866,0.000419552,0.00125866,0.000419552,0.00125866,0.000419552,0.00125866,0.000419552
179,90337.2,0.63542,0.29781,0.8719,0.89561,0.78263,0.86222,0.61632,1.09616,0.63446,1.17011,0.00117792,0.00039264,0.00117792,0.00039264,0.00117792,0.00039264,0.00117792,0.00039264
180,90823.1,0.63558,0.29742,0.87282,0.89576,0.7821,0.86225,0.61619,1.09572,0.63373,1.17081,0.00110063,0.000366877,0.00110063,0.000366877,0.00110063,0.000366877,0.00110063,0.000366877
181,91322.7,0.6317,0.29581,0.87209,0.89722,0.78078,0.86235,0.61615,1.09556,0.6329,1.17139,0.00102681,0.00034227,0.00102681,0.00034227,0.00102681,0.00034227,0.00102681,0.00034227
182,91813.7,0.6303,0.2958,0.8711,0.89862,0.7792,0.8624,0.61617,1.09586,0.63201,1.1724,0.000956474,0.000318825,0.000956474,0.000318825,0.000956474,0.000318825,0.000956474,0.000318825
183,92299.7,0.62948,0.29446,0.87233,0.89879,0.77855,0.86234,0.616,1.09622,0.63232,1.17332,0.000889639,0.000296546,0.000889639,0.000296546,0.000889639,0.000296546,0.000889639,0.000296546
184,92780.5,0.6284,0.29446,0.87055,0.89871,0.77854,0.86204,0.61589,1.09611,0.63219,1.1741,0.000826322,0.000275441,0.000826322,0.000275441,0.000826322,0.000275441,0.000826322,0.000275441
185,93265.3,0.62511,0.2929,0.86981,0.89771,0.78015,0.86191,0.61605,1.09646,0.6313,1.17535,0.00076654,0.000255513,0.00076654,0.000255513,0.00076654,0.000255513,0.00076654,0.000255513
186,93749.4,0.62816,0.29331,0.8689,0.898,0.7797,0.8619,0.61591,1.09681,0.63145,1.17628,0.000710307,0.000236769,0.000710307,0.000236769,0.000710307,0.000236769,0.000710307,0.000236769
187,94234.7,0.62445,0.29248,0.86874,0.89875,0.77907,0.86185,0.61603,1.09663,0.63216,1.17701,0.000657636,0.000219212,0.000657636,0.000219212,0.000657636,0.000219212,0.000657636,0.000219212
188,94716.1,0.62148,0.2913,0.86966,0.89839,0.77868,0.86192,0.61591,1.09666,0.63056,1.17774,0.000608541,0.000202847,0.000608541,0.000202847,0.000608541,0.000202847,0.000608541,0.000202847
189,95201.4,0.62159,0.2921,0.86913,0.90005,0.77732,0.86171,0.61576,1.0974,0.63015,1.17891,0.000563034,0.000187678,0.000563034,0.000187678,0.000563034,0.000187678,0.000563034,0.000187678
190,95689.4,0.62454,0.29216,0.86893,0.89944,0.77767,0.8617,0.61564,1.09804,0.63061,1.18018,0.000521127,0.000173709,0.000521127,0.000173709,0.000521127,0.000173709,0.000521127,0.000173709
191,96179.4,0.63025,0.28394,0.86922,0.8985,0.77854,0.86165,0.61565,1.09817,0.62907,1.18122,0.000482828,0.000160943,0.000482828,0.000160943,0.000482828,0.000160943,0.000482828,0.000160943
192,96664.3,0.61379,0.27844,0.86281,0.89843,0.77841,0.86144,0.61553,1.09846,0.62914,1.18218,0.000448149,0.000149383,0.000448149,0.000149383,0.000448149,0.000149383,0.000448149,0.000149383
193,97141.8,0.60649,0.27548,0.86114,0.89888,0.77776,0.86141,0.61546,1.0988,0.62975,1.18334,0.000417097,0.000139032,0.000417097,0.000139032,0.000417097,0.000139032,0.000417097,0.000139032
194,97620.9,0.60479,0.27389,0.86021,0.89996,0.7771,0.86152,0.61552,1.09846,0.62983,1.18373,0.00038968,0.000129893,0.00038968,0.000129893,0.00038968,0.000129893,0.00038968,0.000129893
195,98100.6,0.60146,0.27408,0.85936,0.90038,0.77725,0.86158,0.6154,1.09876,0.63011,1.18471,0.000365905,0.000121968,0.000365905,0.000121968,0.000365905,0.000121968,0.000365905,0.000121968
196,98583.4,0.60005,0.27263,0.85829,0.89938,0.77791,0.86132,0.61509,1.09901,0.63105,1.18576,0.000345778,0.000115259,0.000345778,0.000115259,0.000345778,0.000115259,0.000345778,0.000115259
197,99061.9,0.59969,0.27253,0.85951,0.90051,0.77697,0.86133,0.61519,1.09941,0.63131,1.18671,0.000329303,0.000109768,0.000329303,0.000109768,0.000329303,0.000109768,0.000329303,0.000109768
198,99542.6,0.59903,0.27221,0.85818,0.90068,0.77665,0.86135,0.61494,1.10011,0.63198,1.18777,0.000316485,0.000105495,0.000316485,0.000105495,0.000316485,0.000105495,0.000316485,0.000105495
199,100027,0.59844,0.27306,0.85923,0.89932,0.77735,0.86112,0.61457,1.10046,0.63297,1.18888,0.000307328,0.000102443,0.000307328,0.000102443,0.000307328,0.000102443,0.000307328,0.000102443
200,100505,0.59771,0.27244,0.85889,0.90058,0.77615,0.86102,0.61447,1.10046,0.6322,1.18948,0.000301832,0.000100611,0.000301832,0.000100611,0.000301832,0.000100611,0.000301832,0.000100611
